author,id,title,selftext,score,url,num_comments,subreddit,created_utc,link_flair_text,link_flair_type,created_time
Pretty_Flamingo_4455,rsl5mi,Racially Discriminated at Police Crime Lab,,1,https://www.reddit.com/r/facepalm/comments/rskuv1/racially_discriminated_at_police_department_in/?utm_medium=android_app&amp;utm_source=share,0,science,1640924187,Health,text,2021-12-31 04:16:27
Lucien_the_1st_Raven,rsl4qu,The Pfizer-BioNTech COVID-19 vaccine has been shown to be effective in preventing SARS-CoV-2 infection in adolescents in randomized placebo-controlled Phase III trials.,,1,https://www.cdc.gov/mmwr/volumes/70/wr/mm705152a2.htm?s_cid=mm705152a2_w#suggestedcitation,1,science,1640924108,Epidemiology,text,2021-12-31 04:15:08
icchipcompanyWu,rskcqy,"UMC's global patent portfolio has exceeded 14,000",,1,https://www.12chip.com/article/company-news/umc's-global-patent-portfolio-has-exceeded-14-000.html?lang=en-us,1,science,1640921622,Engineering,text,2021-12-31 03:33:42
CButler19,rshmam,Scientists image atoms with record resolution close to absolute physical limits,,1,https://www.zmescience.com/science/scientists-image-atoms-with-record-resolution-close-to-absolute-physical-limits/,1,science,1640913413,Physics,text,2021-12-31 01:16:53
golferatnoon,rsgxnk,"Dangers of freedom and autonomy: The social self-restriction model proposes that people often use their autonomy to connect with similar others and avoid those who are different. But this reduces social skill development, tolerance of new people and situations, and lowers social empowerment.",,1,https://www.psychologytoday.com/us/blog/finding-new-home/202112/the-dangers-freedom-and-autonomy,1,science,1640911318,Social Science,text,2021-12-31 00:41:58
MistWeaver80,rsgjff,"Paradoxical sex-specific patterns of autoantibody response to SARS-CoV-2 infection. COVID-19 can trigger self-attacking antibodies, even in mild or asymptomatic case. People with prior infection with SARS-CoV-2 have a wide variety of autoantibodies up to six months after they have fully recovered.",,1,https://translational-medicine.biomedcentral.com/articles/10.1186/s12967-021-03184-8,0,science,1640910122,Medicine,text,2021-12-31 00:22:02
MistWeaver80,rsg9yz,"Metabolic syndrome spikes risk of death from COVID-19. People hospitalized with COVID-19 who have a combination of high blood pressure, obesity, or diabetes associated with metabolic syndrome are at much higher risk of acute respiratory distress syndrome and death, according to a new study.",,1,https://www.futurity.org/metabolic-syndrome-covid-19-death-obesity-diabetes-2675882/,1,science,1640909340,Medicine,text,2021-12-31 00:09:00
thebelsnickle1991,rseb6y,"Cancer deaths rose to 10 million and new cases jumped to over 23 million globally in 2019, according to a new scientific study.",,1,https://www.eurekalert.org/news-releases/939068,1,science,1640903899,Cancer,text,2021-12-30 22:38:19
paulahniuk,rse3hp,"The hyper-transmissible SARS-CoV-2 Omicron variant exhibits significant antigenic change, vaccine escape and a switch in cell entry mechanism. Boosters significantly increase protection against Omicron in both lab and real world experiments (pre-print)",,1,https://gla.ac.uk/media/Media_829360_smxx.pdf,1,science,1640903334,Biology,text,2021-12-30 22:28:54
faizyMD,rsdid1,Researchers Achieve Mind Control Using Only Light,,1,https://thedebrief.org/researchers-achieve-mind-control-using-only-light/,1,science,1640901758,Neuroscience,text,2021-12-30 22:02:38
Existing_Cow_3907,rsczt4,Vaccine effectiveness against SARS-CoV-2 infection with the Omicron or Delta variants following a two-dose or booster BNT162b2 or mRNA-1273 vaccination series: A Danish cohort study | medRxiv,,1,https://www.medrxiv.org/content/10.1101/2021.12.20.21267966v2,1,science,1640900421,Medicine,text,2021-12-30 21:40:21
MistWeaver80,rscc10,"Ozone enhancements attributable to biomass burning equaled or exceeded those from urban emissions, suggesting that biomass burning is a significant source of ozone globally, a study finds",,1,https://www.pnas.org/content/118/52/e2109628118,1,science,1640898701,Environment,text,2021-12-30 21:11:41
MistWeaver80,rsc4de,Pregnancy and fetal sex influence the quality of antibody responses to SARS-CoV-2 infection and immunization. Study found that mothers carrying male fetuses had lower maternal titers of IgG antibodies against all specific SARS-CoV-2 antigens tested.,,1,https://www.science.org/doi/10.1126/scitranslmed.abm2070?utm_campaign=SciMag&amp;utm_source=Social&amp;utm_medium=Twitter,1,science,1640898162,Medicine,text,2021-12-30 21:02:42
Wagamaga,rsb0ix,"Nearly 9 million doses of the Pfizer-BioNTech COVID-19 vaccine delivered to kids ages 5 to 11 shows no major safety issues. 97.6% of adverse reactions ""were not serious,"" and consisted largely of reactions often seen after routine immunizations, such arm pain at the site of injection",,1,https://www.usnews.com/news/health-news/articles/2021-12-30/real-world-data-confirms-pfizer-vaccine-safe-for-kids-ages-5-11,2,science,1640895302,Epidemiology,text,2021-12-30 20:15:02
einsteinfrankenstein,rsatif,"Celebrity status, sex, and variation in psychopathy predicts judgements of and proclivity to generate and distribute deepfake pornography",,1,https://www.sciencedirect.com/science/article/abs/pii/S0747563221004647,1,science,1640894792,Social Science,text,2021-12-30 20:06:32
Wagamaga,rsatbu,New U.S. data based on nearly 9 million doses of the Pfizer-BioNTech COVID-19 vaccine delivered to kids ages 5 to 11 shows no major safety issues,,1,https://www.usnews.com/news/health-news/articles/2021-12-30/real-world-data-confirms-pfizer-vaccine-safe-for-kids-ages-5-11,1,science,1640894779,Epidemiology,text,2021-12-30 20:06:19
Defiant_Race_7544,rsa6y5,"Comets' heads can be green, but never their tails. After 90 years, we finally know why",,1,https://newsroom.unsw.edu.au/news/science-tech/comets-heads-can-be-green-never-their-tails-after-90-years-we-finally-know-why,1,science,1640893164,Geology,text,2021-12-30 19:39:24
nervemiester,rs9zbo,Scientist Who Trained Rats to Play “Doom II” Says He May Start Twitch Channel,,1,https://futurism.com/viktor-toth-doom-rat?fbclid=IwAR10oifEmR48UMVJ5A-PSDlrocp324zy1JziVlIRBa5mjjneSUm8jJ7SSzQ,0,science,1640892606,Neuroscience,text,2021-12-30 19:30:06
OregonTripleBeam,rs9swj,"Cannabis use by adolescents is not independently predictive of either depression or suicidal ideation, according to longitudinal data published in the Journal of Affective Disorders.",,1,https://pubmed.ncbi.nlm.nih.gov/32663935/,1,science,1640892156,Psychology,text,2021-12-30 19:22:36
Psychnews,rs8mkx,"Morphology of human and nonhuman great apes: Although many eye features were similar, a key difference was that humans have uniformly white sclera which creates clear visibility of both the eye outline and iris—the two essential features contributing to the visibility of eye-gaze direction.",,1,https://www.sciencedirect.com/science/article/abs/pii/S1090513821000945,1,science,1640889174,Animal Science,text,2021-12-30 18:32:54
NeuroTeuro,rs8iij,Affective Variability Influence on Cyber Team Functioning in Cyber Defense Exercise,,1,https://link.springer.com/chapter/10.1007%2F978-3-030-90328-2_1,1,science,1640888893,Psychology,text,2021-12-30 18:28:13
chiwhitesox22,rs7dvg,The Pfizer Inoculations For COVID-19 – More Harm Than Good – VIDEO – Canadian Covid Care Alliance,,1,https://www.canadiancovidcarealliance.org/media-resources/the-pfizer-inoculations-for-covid-19-more-harm-than-good-2/,1,science,1640886023,Health,text,2021-12-30 17:40:23
thebelsnickle1991,rs6omg,"Pet dogs may be helping people cope during the COVID-19 crisis, according to findings from a study published in the journal PLOS One. When surveyed during the pandemic, dog owners reported fewer depression symptoms and a stronger sense of social support compared to people without dogs.",,2,https://www.psypost.org/2021/12/dog-owners-report-fewer-depression-symptoms-and-a-greater-sense-of-social-support-during-the-pandemic-62300,1,science,1640884226,Psychology,text,2021-12-30 17:10:26
Formal_Lie_7016,rs68o7,SCIENCE ¥s So #45664466 Cool.,,1,https://twitter.com/chyld_wylde/status/1476596394987335686?t=LhP9768W6--4mWkqvMYngg&amp;s=09,0,science,1640883122,Earth Science,text,2021-12-30 16:52:02
TX908,rs62hv,Storing hydrogen in nanoparticles. The palladium nanoparticles are stabilised by a core of iridium. Hydrogen can accumulate on their surface like a kind of chocolate glaze - and can be released again by heating.,,1,https://www.desy.de/news/news_search/index_eng.html?openDirectAnchor=2208&amp;two_columns=0,1,science,1640882659,Nanoscience,text,2021-12-30 16:44:19
Wagamaga,rs5xw2,"Infection with the virus that causes COVID-19 can trigger an immune response that lasts well beyond the initial infection and recovery—even among people who had mild symptoms or no symptoms at all, according to Cedars-Sinai investigators",,1,https://www.eurekalert.org/news-releases/939046,1,science,1640882314,Epidemiology,text,2021-12-30 16:38:34
JahDanko,rs5ld7,Video Shows World's Most Advanced Robot Ameca Grabbing Researcher's Hands,,1,https://www.indiatimes.com/trending/social-relevance/worlds-most-advanced-humanoid-holds-hands-557704.html,0,science,1640881401,Engineering,text,2021-12-30 16:23:21
Wagamaga,rs5fpx,"Head impacts in youth football not associated with brain problems. Among 70 youth football players tracked over four seasons, scores on various tests for intelligence, thinking and memory remained largely unchanged, even though participants collectively sustained up to 6,000 head impacts per year",,1,https://www.upi.com/Health_News/2021/12/30/youth-football-head-impact-brain-changes-study/4551640874202/?u3L=1,1,science,1640880995,Neuroscience,text,2021-12-30 16:16:35
lunchboxultimate01,rs5fdo,DNA Repair Visualized in Detail by New Approach (Assessing kinetics and recruitment of DNA repair factors using high content screens),,1,https://www.genengnews.com/topics/cancer/dna-repair-visualized-in-detail-by-new-approach/,1,science,1640880970,Biology,text,2021-12-30 16:16:10
OutrageousFennel,rs4sbi,"High-resolution lab experiments show how cells ‘eat,' solving a 40-year-old problem in cell biology",,1,https://news.osu.edu/high-resolution-lab-experiments-show-how-cells-eat/,1,science,1640879284,Biology,text,2021-12-30 15:48:04
bockscar89,rs4qsv,Withhold Healthcare Services from Unvaccinated COVID Patients,,1,https://chng.it/k5pmP8vZ,1,science,1640879165,Health,text,2021-12-30 15:46:05
chrisdh79,rs3pns,"The Lykoi, also known as the Werewolf cat came to be from a genetic mutation.",,1,https://www.zmescience.com/other/feature-post/wolf-cat-feature-13092021/,1,science,1640876407,Animal Science,text,2021-12-30 15:00:07
rustoo,rs3i1p,"OCD—which affects as much as 2% of the world’s population—causes recurring unwanted thoughts and repetitive behaviors. Now researchers have identified brain signals associated with obsessive compulsive disorder symptoms, paving the way for adaptive treatment.",,1,https://www.futurity.org/ocd-brain-signals-2670652/?utm_source=rss&amp;utm_medium=rss&amp;utm_campaign=ocd-brain-signals-2670652,1,science,1640875806,Neuroscience,text,2021-12-30 14:50:06
joosth3,rs2st6,Cells Deep in Your Brain Place Time Stamps on Memories,,1,https://www.scientificamerican.com/article/cells-deep-in-your-brain-place-time-stamps-on-memories/,1,science,1640873802,Neuroscience,text,2021-12-30 14:16:42
joosth3,rs2rgk,CRISPR-Edited Tomatoes Are Supposed to Help You Chill Out,,1,https://www.scientificamerican.com/article/crispr-edited-tomatoes-are-supposed-to-help-you-chill-out/,1,science,1640873695,Biology,text,2021-12-30 14:14:55
joosth3,rs2pfk,"Contribution of age, brain region, mood disorder pathology, and interindividual factors on the methylome of human microglia.",,1,https://linkinghub.elsevier.com/retrieve/pii/S0006322321017145,1,science,1640873526,Health,text,2021-12-30 14:12:06
joosth3,rs2kti,"In 2021, COVID-19 vaccines were put to the test. Here’s what we learned. Although the shots proved effective, they can’t single-handedly end the pandemic",,1,https://www.sciencenews.org/article/covid-coronavirus-vaccines-review-pandemic-2021,1,science,1640873157,Epidemiology,text,2021-12-30 14:05:57
MBSI_2006,rs1hjo,Perfectly preserved dinosaur embryo was preparing to hatch like a bird,,1,https://www.deccanherald.com/science-and-environment/perfectly-preserved-dinosaur-embryo-was-preparing-to-hatch-like-a-bird-1063367.html,0,science,1640869919,Animal Science,text,2021-12-30 13:11:59
Comprehensive-Air166,rs12xw,New study provides insight into how sensitivity to rejection shapes daily social interactions,,1,https://www.psypost.org/2021/12/new-study-provides-insight-into-how-sensitivity-to-rejection-shapes-daily-social-interactions-62291,1,science,1640868672,Social Science,text,2021-12-30 12:51:12
Defiant_Race_7544,rs0xwt,Fire effects on the persistence of soil organic matter and long-term carbon storage - Nature Geoscience,,1,https://www.nature.com/articles/s41561-021-00867-1,1,science,1640868204,Geology,text,2021-12-30 12:43:24
AstroSam1902,rs0jg1,Heisenberg’s Uncertainty Principle,,1,https://ignitionscience.wordpress.com/2021/12/30/heisenbergs-uncertainty-principle/,0,science,1640866802,Physics,text,2021-12-30 12:20:02
Eunoia786,rs040h,NEW CORONA VIRUS VARIANT YOU SHOULD KNOW ABOUT,,1,https://paidforarticles.com/about-omicron-567027,0,science,1640865324,Biology,text,2021-12-30 11:55:24
Wagamaga,rrzy0e,"Climate change will expand the range of tropical cyclones, making millions more people vulnerable to these devastating storms. Rising temperatures will allow these weather events to form in the mid-latitudes.",,1,https://www.bbc.co.uk/news/science-environment-59775105,1,science,1640864714,Environment,text,2021-12-30 11:45:14
Wagamaga,rrzrwk,"While climate change calls to mind extreme weather and melting polar ice caps, government officials' inaction to stop it is also affecting the mental health of young people. Researchers surveyed 10,000 young people between 16 and 25 years of age in 10 countries.",,1,https://www.upi.com/Science_News/2021/12/30/climate-change-lack-of-action-stress-young-people/2951640816819/?u3L=1,1,science,1640864074,Psychology,text,2021-12-30 11:34:34
MistWeaver80,rrzpf5,"The protection given from the Oxford-AstraZeneca vaccine starts declining after three months of getting the second dose, according to a new study. The researchers analyzed data from 42 million vaccinated people in Brazil and two million in Scotland, finding that a quick booster is important.",,1,https://www.zmescience.com/category/medicine/,1,science,1640863846,Medicine,text,2021-12-30 11:30:46
Wagamaga,rrz7n2,Adults with obesity who had weight-loss surgery and achieved substantial weight loss prior to contracting COVID-19 reduced their risk for developing severe outcomes from the infection by 60% compared to those who did not have surgery.,,1,https://jamanetwork.com/journals/jamasurgery/fullarticle/2787613?guestAccessKey=bae9556b-f9c4-4a3d-b4ec-f937c39566c1&amp;utm_source=For_The_Media&amp;utm_medium=referral&amp;utm_campaign=ftm_links&amp;utm_content=tfl&amp;utm_term=122921,1,science,1640862069,Health,text,2021-12-30 11:01:09
Youthdaily,rrz4y2,Elon Musk Says SpaceX Will Land Humans on Mars in 5 Years in the Best-Case,,1,https://youthsdaily.com/elon-musk-says-spacex-will-land-humans-on-mars-in-5-years-in-the-best-case/,1,science,1640861813,Astronomy,text,2021-12-30 10:56:53
PE-QuestionnaireTeam,rryph5,The Potential Role of Psychedelic Drugs in Mental Health Care of the Future| Help us move psychedelic research forward to open the gates for psychedelic assissted therapies! More info &amp; link in 1st comment,,1,https://pubmed.ncbi.nlm.nih.gov/33979868/,1,science,1640860190,Psychology,text,2021-12-30 10:29:50
existuspteltd,rrxzwc,Laminar Flow Cabinet,,1,https://www.gaiascience.com.sg/productcategories/pcr-laminar-flow-cabiner-laboratory-essentials,0,science,1640857564,Health,text,2021-12-30 09:46:04
catgoddim,rrxkyh,Artificial Intelligence Hiring Bias Spurs Scrutiny and New Regs,,1,https://news.bloomberglaw.com/privacy-and-data-security/artificial-intelligence-hiring-bias-spurs-scrutiny-and-new-regs,0,science,1640856068,Health,text,2021-12-30 09:21:08
